32138, the Ville, Lee family's house, Christopher and Elizabeth Lee's bedroom
32148, the Ville, Lee family's house, Christopher and Elizabeth Lee's bathroom
32158, the Ville, Lee family's house, Ava Lee's room
32168, the Ville, Lee family's house, Ava Lee's bathroom
32178, the Ville, Lee family's house, James Lee's room
32188, the Ville, Lee family's house, James Lee's bathroom
32198, the Ville, Lee family's house, common room
32139, the Ville, Lee family's house, kitchen
32149, the Ville, Lee family's house, xxx's room
32159, the Ville, Lee family's house, xxx's bathroom
32179, the Ville, Lee family's house, xxx's room
32189, the Ville, Lee family's house, xxx's bathroom
32199, the Ville, NICO Supermarket, market
32140, the Ville, NICO Supermarket, conference area
32150, the Ville, Hawks Steakhouse, Steakhouse
32160, the Ville, Hawks Steakhouse, bathroom
32170, the Ville, Lough Pub, pub
32180, the Ville, Lough Pub, bathroom
32190, the Ville, Western Bank, office
32200, the Ville, Western Bank, business area
32141, the Ville, Western Bank, bathroom
32151, the Ville, Capybara Bakery, bakery
32161, the Ville, Capybara Bakery, kitchen
32171, the Ville, Capybara Bakery, bathroom
32181, the Ville, Game Company, office
32191, the Ville, Game Company, conference room
32201, the Ville, Game Company, bathroom
32142, the Ville, Adamas Gym, Fitness hall
32152, the Ville, Adamas Gym, men's bathroom
32162, the Ville, Adamas Gym, Women's bathroom
32193, the Ville, Adamas Gym, Private Classroom
32203, the Ville, Adam Smith's house, bathroom
32174, the Ville, Yuriko Yamamoto's house, main room
32184, the Ville, Yuriko Yamamoto's house, bathroom
32194, the Ville, Moore family's house, main room
32204, the Ville, Moore family's house, bathroom
32172, the Ville, July hotel, Charlotte Moore's room
32182, the Ville, July hotel, Charlotte Moore's bathroom
32192, the Ville, July hotel, Daniel Wilson's room
32202, the Ville, July hotel, Daniel Wilson's bathroom
32143, the Ville, July hotel, Sophia Thompson's room
32153, the Ville, July hotel, Sophia Thompson's bathroom
32163, the Ville, July hotel, common room
32173, the Ville, July hotel, office area
32183, the Ville, July hotel, xxx
32205, the Ville, Tamara Taylor and Carmen Ortiz's house, Tamara Taylor's room
32215, the Ville, Tamara Taylor and Carmen Ortiz's house, Carmen Ortiz's room
32225, the Ville, Tamara Taylor and Carmen Ortiz's house, common room
32235, the Ville, Tamara Taylor and Carmen Ortiz's house, kitchen
32245, the Ville, Smith family's house, Michael and Emily Smith's bedroom
32255, the Ville, Smith family's house, Michael and Emily Smith's bathroom
32265, the Ville, Smith family's house, Isabella Smith's bedroom
32275, the Ville, Smith family's house, Isabella Smith's bathroom
32206, the Ville, Smith family's house, kitchen
32216, the Ville, Smith family's house, common room
32226, the Ville, Smith family's house, xxx's bedroom
32236, the Ville, Smith family's house, xxx's bathroom
32246, the Ville, Taylor family's house, Andrew Taylor's bedroom
32256, the Ville, Taylor family's house, Andrew Taylor's bathroom
32266, the Ville, Taylor family's house, David Taylor's bedroom
32276, the Ville, Taylor family's house, David Taylor's bathroom
32207, the Ville, Taylor family's house, kitchen
32217, the Ville, Taylor family's house, common room